host,ntfnId,nodeId,deviceId,orgId,orgName,eventId,personId
https://twilio-load-test.tst.xmatters.com,153324003,200000,601636,200271,twilio-load-test,21005094,601635
https://twilio-load-test.tst.xmatters.com,153324006,200000,601638,200271,twilio-load-test,21005094,601637
https://twilio-load-test.tst.xmatters.com,153324009,200000,601640,200271,twilio-load-test,21005094,601639
https://twilio-load-test.tst.xmatters.com,153324012,200000,601642,200271,twilio-load-test,21005094,601641
https://twilio-load-test.tst.xmatters.com,153324015,200000,601644,200271,twilio-load-test,21005094,601643
https://twilio-load-test.tst.xmatters.com,153324018,200000,601646,200271,twilio-load-test,21005094,601645
https://twilio-load-test.tst.xmatters.com,153324021,200000,601648,200271,twilio-load-test,21005094,601647
https://twilio-load-test.tst.xmatters.com,153324024,200000,601650,200271,twilio-load-test,21005094,601649
https://twilio-load-test.tst.xmatters.com,153324027,200000,601652,200271,twilio-load-test,21005094,601651
https://twilio-load-test.tst.xmatters.com,153324030,200000,601654,200271,twilio-load-test,21005094,601653
https://twilio-load-test.tst.xmatters.com,153324033,200000,601656,200271,twilio-load-test,21005094,601655
https://twilio-load-test.tst.xmatters.com,153324036,200000,601658,200271,twilio-load-test,21005094,601657
https://twilio-load-test.tst.xmatters.com,153324039,200000,601660,200271,twilio-load-test,21005094,601659
https://twilio-load-test.tst.xmatters.com,153324042,200000,601662,200271,twilio-load-test,21005094,601661
https://twilio-load-test.tst.xmatters.com,153324045,200000,601664,200271,twilio-load-test,21005094,601663
https://twilio-load-test.tst.xmatters.com,153324048,200000,601666,200271,twilio-load-test,21005094,601665
https://twilio-load-test.tst.xmatters.com,153324051,200000,601668,200271,twilio-load-test,21005094,601667
https://twilio-load-test.tst.xmatters.com,153324054,200000,601670,200271,twilio-load-test,21005094,601669
https://twilio-load-test.tst.xmatters.com,153324057,200000,601672,200271,twilio-load-test,21005094,601671
https://twilio-load-test.tst.xmatters.com,153324060,200000,601674,200271,twilio-load-test,21005094,601673
https://twilio-load-test.tst.xmatters.com,153324063,200000,601676,200271,twilio-load-test,21005094,601675
https://twilio-load-test.tst.xmatters.com,153324066,200000,601678,200271,twilio-load-test,21005094,601677
https://twilio-load-test.tst.xmatters.com,153324069,200000,601680,200271,twilio-load-test,21005094,601679
https://twilio-load-test.tst.xmatters.com,153324072,200000,601682,200271,twilio-load-test,21005094,601681
https://twilio-load-test.tst.xmatters.com,153324075,200000,601684,200271,twilio-load-test,21005094,601683
https://twilio-load-test.tst.xmatters.com,153324078,200000,601686,200271,twilio-load-test,21005094,601685
https://twilio-load-test.tst.xmatters.com,153324081,200000,601688,200271,twilio-load-test,21005094,601687
https://twilio-load-test.tst.xmatters.com,153324084,200000,601690,200271,twilio-load-test,21005094,601689
https://twilio-load-test.tst.xmatters.com,153324087,200000,601692,200271,twilio-load-test,21005094,601691
https://twilio-load-test.tst.xmatters.com,153324090,200000,601694,200271,twilio-load-test,21005094,601693
https://twilio-load-test.tst.xmatters.com,153324093,200000,601696,200271,twilio-load-test,21005094,601695
https://twilio-load-test.tst.xmatters.com,153324096,200000,601698,200271,twilio-load-test,21005094,601697
https://twilio-load-test.tst.xmatters.com,153324099,200000,601700,200271,twilio-load-test,21005094,601699
https://twilio-load-test.tst.xmatters.com,153324102,200000,601702,200271,twilio-load-test,21005094,601701
https://twilio-load-test.tst.xmatters.com,153324105,200000,601704,200271,twilio-load-test,21005094,601703
https://twilio-load-test.tst.xmatters.com,153324108,200000,601706,200271,twilio-load-test,21005094,601705
https://twilio-load-test.tst.xmatters.com,153324111,200000,601708,200271,twilio-load-test,21005094,601707
https://twilio-load-test.tst.xmatters.com,153324114,200000,601710,200271,twilio-load-test,21005094,601709
https://twilio-load-test.tst.xmatters.com,153324117,200000,601712,200271,twilio-load-test,21005094,601711
https://twilio-load-test.tst.xmatters.com,153324120,200000,601714,200271,twilio-load-test,21005094,601713
https://twilio-load-test.tst.xmatters.com,153324123,200000,601716,200271,twilio-load-test,21005094,601715
https://twilio-load-test.tst.xmatters.com,153324126,200000,601718,200271,twilio-load-test,21005094,601717
https://twilio-load-test.tst.xmatters.com,153324129,200000,601720,200271,twilio-load-test,21005094,601719
https://twilio-load-test.tst.xmatters.com,153324132,200000,601722,200271,twilio-load-test,21005094,601721
https://twilio-load-test.tst.xmatters.com,153324135,200000,601724,200271,twilio-load-test,21005094,601723
https://twilio-load-test.tst.xmatters.com,153324138,200000,601726,200271,twilio-load-test,21005094,601725
https://twilio-load-test.tst.xmatters.com,153324141,200000,601728,200271,twilio-load-test,21005094,601727
https://twilio-load-test.tst.xmatters.com,153324144,200000,601730,200271,twilio-load-test,21005094,601729
https://twilio-load-test.tst.xmatters.com,153324147,200000,601732,200271,twilio-load-test,21005094,601731
https://twilio-load-test.tst.xmatters.com,153324150,200000,601734,200271,twilio-load-test,21005094,601733
https://twilio-load-test.tst.xmatters.com,153324153,200000,601736,200271,twilio-load-test,21005094,601735
https://twilio-load-test.tst.xmatters.com,153324156,200000,601738,200271,twilio-load-test,21005094,601737
https://twilio-load-test.tst.xmatters.com,153324159,200000,601740,200271,twilio-load-test,21005094,601739
https://twilio-load-test.tst.xmatters.com,153324162,200000,601742,200271,twilio-load-test,21005094,601741
https://twilio-load-test.tst.xmatters.com,153324165,200000,601744,200271,twilio-load-test,21005094,601743
https://twilio-load-test.tst.xmatters.com,153324168,200000,601746,200271,twilio-load-test,21005094,601745
https://twilio-load-test.tst.xmatters.com,153324171,200000,601748,200271,twilio-load-test,21005094,601747
https://twilio-load-test.tst.xmatters.com,153324174,200000,601750,200271,twilio-load-test,21005094,601749
https://twilio-load-test.tst.xmatters.com,153324177,200000,601752,200271,twilio-load-test,21005094,601751
https://twilio-load-test.tst.xmatters.com,153324180,200000,601754,200271,twilio-load-test,21005094,601753
https://twilio-load-test.tst.xmatters.com,153324183,200000,601756,200271,twilio-load-test,21005094,601755
https://twilio-load-test.tst.xmatters.com,153324186,200000,601758,200271,twilio-load-test,21005094,601757
https://twilio-load-test.tst.xmatters.com,153324189,200000,601760,200271,twilio-load-test,21005094,601759
https://twilio-load-test.tst.xmatters.com,153324192,200000,601762,200271,twilio-load-test,21005094,601761
https://twilio-load-test.tst.xmatters.com,153324195,200000,601764,200271,twilio-load-test,21005094,601763
https://twilio-load-test.tst.xmatters.com,153324198,200000,601766,200271,twilio-load-test,21005094,601765
https://twilio-load-test.tst.xmatters.com,153324201,200000,601768,200271,twilio-load-test,21005094,601767
https://twilio-load-test.tst.xmatters.com,153324204,200000,601770,200271,twilio-load-test,21005094,601769
https://twilio-load-test.tst.xmatters.com,153324207,200000,601772,200271,twilio-load-test,21005094,601771
https://twilio-load-test.tst.xmatters.com,153324210,200000,601774,200271,twilio-load-test,21005094,601773
https://twilio-load-test.tst.xmatters.com,153324213,200000,601776,200271,twilio-load-test,21005094,601775
https://twilio-load-test.tst.xmatters.com,153324216,200000,601778,200271,twilio-load-test,21005094,601777
https://twilio-load-test.tst.xmatters.com,153324219,200000,601780,200271,twilio-load-test,21005094,601779
https://twilio-load-test.tst.xmatters.com,153324222,200000,601782,200271,twilio-load-test,21005094,601781
https://twilio-load-test.tst.xmatters.com,153324225,200000,601784,200271,twilio-load-test,21005094,601783
https://twilio-load-test.tst.xmatters.com,153324228,200000,601786,200271,twilio-load-test,21005094,601785
https://twilio-load-test.tst.xmatters.com,153324231,200000,601788,200271,twilio-load-test,21005094,601787
https://twilio-load-test.tst.xmatters.com,153324234,200000,601790,200271,twilio-load-test,21005094,601789
https://twilio-load-test.tst.xmatters.com,153324237,200000,601792,200271,twilio-load-test,21005094,601791
https://twilio-load-test.tst.xmatters.com,153324240,200000,601794,200271,twilio-load-test,21005094,601793
https://twilio-load-test.tst.xmatters.com,153324243,200000,601796,200271,twilio-load-test,21005094,601795
https://twilio-load-test.tst.xmatters.com,153324246,200000,601798,200271,twilio-load-test,21005094,601797
https://twilio-load-test.tst.xmatters.com,153324249,200000,601800,200271,twilio-load-test,21005094,601799
https://twilio-load-test.tst.xmatters.com,153324252,200000,601802,200271,twilio-load-test,21005094,601801
https://twilio-load-test.tst.xmatters.com,153324255,200000,601804,200271,twilio-load-test,21005094,601803
https://twilio-load-test.tst.xmatters.com,153324258,200000,601806,200271,twilio-load-test,21005094,601805
https://twilio-load-test.tst.xmatters.com,153324261,200000,601808,200271,twilio-load-test,21005094,601807
https://twilio-load-test.tst.xmatters.com,153324264,200000,601810,200271,twilio-load-test,21005094,601809
https://twilio-load-test.tst.xmatters.com,153324267,200000,601812,200271,twilio-load-test,21005094,601811
https://twilio-load-test.tst.xmatters.com,153324270,200000,601814,200271,twilio-load-test,21005094,601813
https://twilio-load-test.tst.xmatters.com,153324273,200000,601816,200271,twilio-load-test,21005094,601815
https://twilio-load-test.tst.xmatters.com,153324276,200000,601818,200271,twilio-load-test,21005094,601817
https://twilio-load-test.tst.xmatters.com,153324279,200000,601820,200271,twilio-load-test,21005094,601819
https://twilio-load-test.tst.xmatters.com,153324282,200000,601822,200271,twilio-load-test,21005094,601821
https://twilio-load-test.tst.xmatters.com,153324285,200000,601824,200271,twilio-load-test,21005094,601823
https://twilio-load-test.tst.xmatters.com,153324288,200000,601826,200271,twilio-load-test,21005094,601825
https://twilio-load-test.tst.xmatters.com,153324291,200000,601828,200271,twilio-load-test,21005094,601827
https://twilio-load-test.tst.xmatters.com,153324294,200000,601830,200271,twilio-load-test,21005094,601829
https://twilio-load-test.tst.xmatters.com,153324297,200000,601832,200271,twilio-load-test,21005094,601831
https://twilio-load-test.tst.xmatters.com,153324300,200000,601834,200271,twilio-load-test,21005094,601833
https://twilio-load-test.tst.xmatters.com,153324303,200000,601836,200271,twilio-load-test,21005094,601835
https://twilio-load-test.tst.xmatters.com,153324306,200000,601838,200271,twilio-load-test,21005094,601837
https://twilio-load-test.tst.xmatters.com,153324309,200000,601840,200271,twilio-load-test,21005094,601839
https://twilio-load-test.tst.xmatters.com,153324312,200000,601842,200271,twilio-load-test,21005094,601841
https://twilio-load-test.tst.xmatters.com,153324315,200000,601844,200271,twilio-load-test,21005094,601843
https://twilio-load-test.tst.xmatters.com,153324318,200000,601846,200271,twilio-load-test,21005094,601845
https://twilio-load-test.tst.xmatters.com,153324321,200000,601848,200271,twilio-load-test,21005094,601847
https://twilio-load-test.tst.xmatters.com,153324324,200000,601850,200271,twilio-load-test,21005094,601849
https://twilio-load-test.tst.xmatters.com,153324327,200000,601852,200271,twilio-load-test,21005094,601851
https://twilio-load-test.tst.xmatters.com,153324330,200000,601854,200271,twilio-load-test,21005094,601853
https://twilio-load-test.tst.xmatters.com,153324333,200000,601856,200271,twilio-load-test,21005094,601855
https://twilio-load-test.tst.xmatters.com,153324336,200000,601858,200271,twilio-load-test,21005094,601857
https://twilio-load-test.tst.xmatters.com,153324339,200000,601860,200271,twilio-load-test,21005094,601859
https://twilio-load-test.tst.xmatters.com,153324342,200000,601862,200271,twilio-load-test,21005094,601861
https://twilio-load-test.tst.xmatters.com,153324345,200000,601864,200271,twilio-load-test,21005094,601863
https://twilio-load-test.tst.xmatters.com,153324348,200000,601866,200271,twilio-load-test,21005094,601865
https://twilio-load-test.tst.xmatters.com,153324351,200000,601868,200271,twilio-load-test,21005094,601867
https://twilio-load-test.tst.xmatters.com,153324354,200000,601870,200271,twilio-load-test,21005094,601869
https://twilio-load-test.tst.xmatters.com,153324357,200000,601872,200271,twilio-load-test,21005094,601871
https://twilio-load-test.tst.xmatters.com,153324360,200000,601874,200271,twilio-load-test,21005094,601873
https://twilio-load-test.tst.xmatters.com,153324363,200000,601876,200271,twilio-load-test,21005094,601875
https://twilio-load-test.tst.xmatters.com,153324366,200000,601878,200271,twilio-load-test,21005094,601877
https://twilio-load-test.tst.xmatters.com,153324369,200000,601880,200271,twilio-load-test,21005094,601879
https://twilio-load-test.tst.xmatters.com,153324372,200000,601882,200271,twilio-load-test,21005094,601881
https://twilio-load-test.tst.xmatters.com,153324375,200000,601884,200271,twilio-load-test,21005094,601883
https://twilio-load-test.tst.xmatters.com,153324378,200000,601886,200271,twilio-load-test,21005094,601885
https://twilio-load-test.tst.xmatters.com,153324381,200000,601888,200271,twilio-load-test,21005094,601887
https://twilio-load-test.tst.xmatters.com,153324384,200000,601890,200271,twilio-load-test,21005094,601889
https://twilio-load-test.tst.xmatters.com,153324387,200000,601892,200271,twilio-load-test,21005094,601891
https://twilio-load-test.tst.xmatters.com,153324390,200000,601894,200271,twilio-load-test,21005094,601893
https://twilio-load-test.tst.xmatters.com,153324393,200000,601896,200271,twilio-load-test,21005094,601895
https://twilio-load-test.tst.xmatters.com,153324396,200000,601898,200271,twilio-load-test,21005094,601897
https://twilio-load-test.tst.xmatters.com,153324399,200000,601900,200271,twilio-load-test,21005094,601899
https://twilio-load-test.tst.xmatters.com,153324402,200000,601902,200271,twilio-load-test,21005094,601901
https://twilio-load-test.tst.xmatters.com,153324405,200000,601904,200271,twilio-load-test,21005094,601903
https://twilio-load-test.tst.xmatters.com,153324408,200000,601906,200271,twilio-load-test,21005094,601905
https://twilio-load-test.tst.xmatters.com,153324411,200000,601908,200271,twilio-load-test,21005094,601907
https://twilio-load-test.tst.xmatters.com,153324414,200000,601910,200271,twilio-load-test,21005094,601909
https://twilio-load-test.tst.xmatters.com,153324417,200000,601912,200271,twilio-load-test,21005094,601911
https://twilio-load-test.tst.xmatters.com,153324420,200000,601914,200271,twilio-load-test,21005094,601913
https://twilio-load-test.tst.xmatters.com,153324423,200000,601916,200271,twilio-load-test,21005094,601915
https://twilio-load-test.tst.xmatters.com,153324426,200000,601918,200271,twilio-load-test,21005094,601917
https://twilio-load-test.tst.xmatters.com,153324429,200000,601920,200271,twilio-load-test,21005094,601919
https://twilio-load-test.tst.xmatters.com,153324432,200000,601922,200271,twilio-load-test,21005094,601921
https://twilio-load-test.tst.xmatters.com,153324435,200000,601924,200271,twilio-load-test,21005094,601923
https://twilio-load-test.tst.xmatters.com,153324438,200000,601926,200271,twilio-load-test,21005094,601925
https://twilio-load-test.tst.xmatters.com,153324441,200000,601928,200271,twilio-load-test,21005094,601927
https://twilio-load-test.tst.xmatters.com,153324444,200000,601930,200271,twilio-load-test,21005094,601929
https://twilio-load-test.tst.xmatters.com,153324447,200000,601932,200271,twilio-load-test,21005094,601931
https://twilio-load-test.tst.xmatters.com,153324450,200000,601934,200271,twilio-load-test,21005094,601933
https://twilio-load-test.tst.xmatters.com,153324453,200000,601936,200271,twilio-load-test,21005094,601935
https://twilio-load-test.tst.xmatters.com,153324456,200000,601938,200271,twilio-load-test,21005094,601937
https://twilio-load-test.tst.xmatters.com,153324459,200000,601940,200271,twilio-load-test,21005094,601939
https://twilio-load-test.tst.xmatters.com,153324462,200000,601942,200271,twilio-load-test,21005094,601941
https://twilio-load-test.tst.xmatters.com,153324465,200000,601944,200271,twilio-load-test,21005094,601943
https://twilio-load-test.tst.xmatters.com,153324468,200000,601946,200271,twilio-load-test,21005094,601945
https://twilio-load-test.tst.xmatters.com,153324471,200000,601948,200271,twilio-load-test,21005094,601947
https://twilio-load-test.tst.xmatters.com,153324474,200000,601950,200271,twilio-load-test,21005094,601949
https://twilio-load-test.tst.xmatters.com,153324477,200000,601952,200271,twilio-load-test,21005094,601951
https://twilio-load-test.tst.xmatters.com,153324480,200000,601954,200271,twilio-load-test,21005094,601953
https://twilio-load-test.tst.xmatters.com,153324483,200000,601956,200271,twilio-load-test,21005094,601955
https://twilio-load-test.tst.xmatters.com,153324486,200000,601958,200271,twilio-load-test,21005094,601957
https://twilio-load-test.tst.xmatters.com,153324489,200000,601960,200271,twilio-load-test,21005094,601959
https://twilio-load-test.tst.xmatters.com,153324492,200000,601962,200271,twilio-load-test,21005094,601961
https://twilio-load-test.tst.xmatters.com,153324495,200000,601964,200271,twilio-load-test,21005094,601963
https://twilio-load-test.tst.xmatters.com,153324498,200000,601966,200271,twilio-load-test,21005094,601965
https://twilio-load-test.tst.xmatters.com,153324501,200000,601968,200271,twilio-load-test,21005094,601967
https://twilio-load-test.tst.xmatters.com,153324504,200000,601970,200271,twilio-load-test,21005094,601969
https://twilio-load-test.tst.xmatters.com,153324507,200000,601972,200271,twilio-load-test,21005094,601971
https://twilio-load-test.tst.xmatters.com,153324510,200000,601974,200271,twilio-load-test,21005094,601973
https://twilio-load-test.tst.xmatters.com,153324513,200000,601976,200271,twilio-load-test,21005094,601975
https://twilio-load-test.tst.xmatters.com,153324516,200000,601978,200271,twilio-load-test,21005094,601977
https://twilio-load-test.tst.xmatters.com,153324519,200000,601980,200271,twilio-load-test,21005094,601979
https://twilio-load-test.tst.xmatters.com,153324522,200000,601982,200271,twilio-load-test,21005094,601981
https://twilio-load-test.tst.xmatters.com,153324525,200000,601984,200271,twilio-load-test,21005094,601983
https://twilio-load-test.tst.xmatters.com,153324528,200000,601986,200271,twilio-load-test,21005094,601985
https://twilio-load-test.tst.xmatters.com,153324531,200000,601988,200271,twilio-load-test,21005094,601987
https://twilio-load-test.tst.xmatters.com,153324534,200000,601990,200271,twilio-load-test,21005094,601989
https://twilio-load-test.tst.xmatters.com,153324537,200000,601992,200271,twilio-load-test,21005094,601991
https://twilio-load-test.tst.xmatters.com,153324540,200000,601994,200271,twilio-load-test,21005094,601993
https://twilio-load-test.tst.xmatters.com,153324543,200000,601996,200271,twilio-load-test,21005094,601995
https://twilio-load-test.tst.xmatters.com,153324546,200000,601998,200271,twilio-load-test,21005094,601997
https://twilio-load-test.tst.xmatters.com,153324549,200000,602000,200271,twilio-load-test,21005094,601999
https://twilio-load-test.tst.xmatters.com,153324552,200000,602002,200271,twilio-load-test,21005094,602001
https://twilio-load-test.tst.xmatters.com,153324555,200000,602004,200271,twilio-load-test,21005094,602003
https://twilio-load-test.tst.xmatters.com,153324558,200000,602006,200271,twilio-load-test,21005094,602005
https://twilio-load-test.tst.xmatters.com,153324561,200000,602008,200271,twilio-load-test,21005094,602007
https://twilio-load-test.tst.xmatters.com,153324564,200000,602010,200271,twilio-load-test,21005094,602009
https://twilio-load-test.tst.xmatters.com,153324567,200000,602012,200271,twilio-load-test,21005094,602011
https://twilio-load-test.tst.xmatters.com,153324570,200000,602014,200271,twilio-load-test,21005094,602013
https://twilio-load-test.tst.xmatters.com,153324573,200000,602016,200271,twilio-load-test,21005094,602015
https://twilio-load-test.tst.xmatters.com,153324576,200000,602018,200271,twilio-load-test,21005094,602017
https://twilio-load-test.tst.xmatters.com,153324579,200000,602020,200271,twilio-load-test,21005094,602019
https://twilio-load-test.tst.xmatters.com,153324582,200000,602022,200271,twilio-load-test,21005094,602021
https://twilio-load-test.tst.xmatters.com,153324585,200000,602024,200271,twilio-load-test,21005094,602023
https://twilio-load-test.tst.xmatters.com,153324588,200000,602026,200271,twilio-load-test,21005094,602025
https://twilio-load-test.tst.xmatters.com,153324591,200000,602028,200271,twilio-load-test,21005094,602027
https://twilio-load-test.tst.xmatters.com,153324594,200000,602030,200271,twilio-load-test,21005094,602029
https://twilio-load-test.tst.xmatters.com,153324597,200000,602032,200271,twilio-load-test,21005094,602031
https://twilio-load-test.tst.xmatters.com,153324600,200000,602034,200271,twilio-load-test,21005094,602033
https://twilio-load-test.tst.xmatters.com,153324603,200000,602036,200271,twilio-load-test,21005094,602035
https://twilio-load-test.tst.xmatters.com,153324606,200000,602038,200271,twilio-load-test,21005094,602037
https://twilio-load-test.tst.xmatters.com,153324609,200000,602040,200271,twilio-load-test,21005094,602039
https://twilio-load-test.tst.xmatters.com,153324612,200000,602042,200271,twilio-load-test,21005094,602041
https://twilio-load-test.tst.xmatters.com,153324615,200000,602044,200271,twilio-load-test,21005094,602043
https://twilio-load-test.tst.xmatters.com,153324618,200000,602046,200271,twilio-load-test,21005094,602045
https://twilio-load-test.tst.xmatters.com,153324621,200000,602048,200271,twilio-load-test,21005094,602047
https://twilio-load-test.tst.xmatters.com,153324624,200000,602050,200271,twilio-load-test,21005094,602049
https://twilio-load-test.tst.xmatters.com,153324627,200000,602052,200271,twilio-load-test,21005094,602051
https://twilio-load-test.tst.xmatters.com,153324630,200000,602054,200271,twilio-load-test,21005094,602053
https://twilio-load-test.tst.xmatters.com,153324633,200000,602056,200271,twilio-load-test,21005094,602055
https://twilio-load-test.tst.xmatters.com,153324636,200000,602058,200271,twilio-load-test,21005094,602057
https://twilio-load-test.tst.xmatters.com,153324639,200000,602060,200271,twilio-load-test,21005094,602059
https://twilio-load-test.tst.xmatters.com,153324642,200000,602062,200271,twilio-load-test,21005094,602061
https://twilio-load-test.tst.xmatters.com,153324645,200000,602064,200271,twilio-load-test,21005094,602063
https://twilio-load-test.tst.xmatters.com,153324648,200000,602066,200271,twilio-load-test,21005094,602065
https://twilio-load-test.tst.xmatters.com,153324651,200000,602068,200271,twilio-load-test,21005094,602067
https://twilio-load-test.tst.xmatters.com,153324654,200000,602070,200271,twilio-load-test,21005094,602069
https://twilio-load-test.tst.xmatters.com,153324657,200000,602072,200271,twilio-load-test,21005094,602071
https://twilio-load-test.tst.xmatters.com,153324660,200000,602074,200271,twilio-load-test,21005094,602073
https://twilio-load-test.tst.xmatters.com,153324663,200000,602076,200271,twilio-load-test,21005094,602075
https://twilio-load-test.tst.xmatters.com,153324666,200000,602078,200271,twilio-load-test,21005094,602077
https://twilio-load-test.tst.xmatters.com,153324669,200000,602080,200271,twilio-load-test,21005094,602079
https://twilio-load-test.tst.xmatters.com,153324672,200000,602082,200271,twilio-load-test,21005094,602081
https://twilio-load-test.tst.xmatters.com,153324675,200000,602084,200271,twilio-load-test,21005094,602083
https://twilio-load-test.tst.xmatters.com,153324678,200000,602086,200271,twilio-load-test,21005094,602085
https://twilio-load-test.tst.xmatters.com,153324681,200000,602088,200271,twilio-load-test,21005094,602087
https://twilio-load-test.tst.xmatters.com,153324684,200000,602090,200271,twilio-load-test,21005094,602089
https://twilio-load-test.tst.xmatters.com,153324687,200000,602092,200271,twilio-load-test,21005094,602091
https://twilio-load-test.tst.xmatters.com,153324690,200000,602094,200271,twilio-load-test,21005094,602093
https://twilio-load-test.tst.xmatters.com,153324693,200000,602096,200271,twilio-load-test,21005094,602095
https://twilio-load-test.tst.xmatters.com,153324696,200000,602098,200271,twilio-load-test,21005094,602097
https://twilio-load-test.tst.xmatters.com,153324699,200000,602100,200271,twilio-load-test,21005094,602099
https://twilio-load-test.tst.xmatters.com,153324702,200000,602102,200271,twilio-load-test,21005094,602101
https://twilio-load-test.tst.xmatters.com,153324705,200000,602104,200271,twilio-load-test,21005094,602103
https://twilio-load-test.tst.xmatters.com,153324708,200000,602106,200271,twilio-load-test,21005094,602105
https://twilio-load-test.tst.xmatters.com,153324711,200000,602108,200271,twilio-load-test,21005094,602107
https://twilio-load-test.tst.xmatters.com,153324714,200000,602110,200271,twilio-load-test,21005094,602109
https://twilio-load-test.tst.xmatters.com,153324717,200000,602112,200271,twilio-load-test,21005094,602111
https://twilio-load-test.tst.xmatters.com,153324720,200000,602114,200271,twilio-load-test,21005094,602113
https://twilio-load-test.tst.xmatters.com,153324723,200000,602116,200271,twilio-load-test,21005094,602115
https://twilio-load-test.tst.xmatters.com,153324726,200000,602118,200271,twilio-load-test,21005094,602117
https://twilio-load-test.tst.xmatters.com,153324729,200000,602120,200271,twilio-load-test,21005094,602119
https://twilio-load-test.tst.xmatters.com,153324732,200000,602122,200271,twilio-load-test,21005094,602121
https://twilio-load-test.tst.xmatters.com,153324735,200000,602124,200271,twilio-load-test,21005094,602123
https://twilio-load-test.tst.xmatters.com,153324738,200000,602126,200271,twilio-load-test,21005094,602125
https://twilio-load-test.tst.xmatters.com,153324741,200000,602128,200271,twilio-load-test,21005094,602127
https://twilio-load-test.tst.xmatters.com,153324744,200000,602130,200271,twilio-load-test,21005094,602129
https://twilio-load-test.tst.xmatters.com,153324747,200000,602132,200271,twilio-load-test,21005094,602131
https://twilio-load-test.tst.xmatters.com,153324750,200000,602134,200271,twilio-load-test,21005094,602133
https://twilio-load-test.tst.xmatters.com,153324753,200000,602136,200271,twilio-load-test,21005094,602135
https://twilio-load-test.tst.xmatters.com,153324756,200000,602138,200271,twilio-load-test,21005094,602137
https://twilio-load-test.tst.xmatters.com,153324759,200000,602140,200271,twilio-load-test,21005094,602139
https://twilio-load-test.tst.xmatters.com,153324762,200000,602142,200271,twilio-load-test,21005094,602141
https://twilio-load-test.tst.xmatters.com,153324765,200000,602144,200271,twilio-load-test,21005094,602143
https://twilio-load-test.tst.xmatters.com,153324768,200000,602146,200271,twilio-load-test,21005094,602145
https://twilio-load-test.tst.xmatters.com,153324771,200000,602148,200271,twilio-load-test,21005094,602147
https://twilio-load-test.tst.xmatters.com,153324774,200000,602150,200271,twilio-load-test,21005094,602149
https://twilio-load-test.tst.xmatters.com,153324777,200000,602152,200271,twilio-load-test,21005094,602151
https://twilio-load-test.tst.xmatters.com,153324780,200000,602154,200271,twilio-load-test,21005094,602153
https://twilio-load-test.tst.xmatters.com,153324783,200000,602156,200271,twilio-load-test,21005094,602155
https://twilio-load-test.tst.xmatters.com,153324786,200000,602158,200271,twilio-load-test,21005094,602157
https://twilio-load-test.tst.xmatters.com,153324789,200000,602160,200271,twilio-load-test,21005094,602159
https://twilio-load-test.tst.xmatters.com,153324792,200000,602162,200271,twilio-load-test,21005094,602161
https://twilio-load-test.tst.xmatters.com,153324795,200000,602164,200271,twilio-load-test,21005094,602163
https://twilio-load-test.tst.xmatters.com,153324798,200000,602166,200271,twilio-load-test,21005094,602165
https://twilio-load-test.tst.xmatters.com,153324801,200000,602168,200271,twilio-load-test,21005094,602167
https://twilio-load-test.tst.xmatters.com,153324804,200000,602170,200271,twilio-load-test,21005094,602169
https://twilio-load-test.tst.xmatters.com,153324807,200000,602172,200271,twilio-load-test,21005094,602171
https://twilio-load-test.tst.xmatters.com,153324810,200000,602174,200271,twilio-load-test,21005094,602173
https://twilio-load-test.tst.xmatters.com,153324813,200000,602176,200271,twilio-load-test,21005094,602175
https://twilio-load-test.tst.xmatters.com,153324816,200000,602178,200271,twilio-load-test,21005094,602177
https://twilio-load-test.tst.xmatters.com,153324819,200000,602180,200271,twilio-load-test,21005094,602179
https://twilio-load-test.tst.xmatters.com,153324822,200000,602182,200271,twilio-load-test,21005094,602181
https://twilio-load-test.tst.xmatters.com,153324825,200000,602184,200271,twilio-load-test,21005094,602183
https://twilio-load-test.tst.xmatters.com,153324828,200000,602186,200271,twilio-load-test,21005094,602185
https://twilio-load-test.tst.xmatters.com,153324831,200000,602188,200271,twilio-load-test,21005094,602187
https://twilio-load-test.tst.xmatters.com,153324834,200000,602190,200271,twilio-load-test,21005094,602189
https://twilio-load-test.tst.xmatters.com,153324837,200000,602192,200271,twilio-load-test,21005094,602191
https://twilio-load-test.tst.xmatters.com,153324840,200000,602194,200271,twilio-load-test,21005094,602193
https://twilio-load-test.tst.xmatters.com,153324843,200000,602196,200271,twilio-load-test,21005094,602195
https://twilio-load-test.tst.xmatters.com,153324846,200000,602198,200271,twilio-load-test,21005094,602197
https://twilio-load-test.tst.xmatters.com,153324849,200000,602200,200271,twilio-load-test,21005094,602199
https://twilio-load-test.tst.xmatters.com,153324852,200000,602202,200271,twilio-load-test,21005094,602201
https://twilio-load-test.tst.xmatters.com,153324855,200000,602204,200271,twilio-load-test,21005094,602203
https://twilio-load-test.tst.xmatters.com,153324858,200000,602206,200271,twilio-load-test,21005094,602205
https://twilio-load-test.tst.xmatters.com,153324861,200000,602208,200271,twilio-load-test,21005094,602207
https://twilio-load-test.tst.xmatters.com,153324864,200000,602210,200271,twilio-load-test,21005094,602209
https://twilio-load-test.tst.xmatters.com,153324867,200000,602212,200271,twilio-load-test,21005094,602211
https://twilio-load-test.tst.xmatters.com,153324870,200000,602214,200271,twilio-load-test,21005094,602213
https://twilio-load-test.tst.xmatters.com,153324873,200000,602216,200271,twilio-load-test,21005094,602215
https://twilio-load-test.tst.xmatters.com,153324876,200000,602218,200271,twilio-load-test,21005094,602217
https://twilio-load-test.tst.xmatters.com,153324879,200000,602220,200271,twilio-load-test,21005094,602219
https://twilio-load-test.tst.xmatters.com,153324882,200000,602222,200271,twilio-load-test,21005094,602221
https://twilio-load-test.tst.xmatters.com,153324885,200000,602224,200271,twilio-load-test,21005094,602223
https://twilio-load-test.tst.xmatters.com,153324888,200000,602226,200271,twilio-load-test,21005094,602225
https://twilio-load-test.tst.xmatters.com,153324891,200000,602228,200271,twilio-load-test,21005094,602227
https://twilio-load-test.tst.xmatters.com,153324894,200000,602230,200271,twilio-load-test,21005094,602229
https://twilio-load-test.tst.xmatters.com,153324897,200000,602232,200271,twilio-load-test,21005094,602231
https://twilio-load-test.tst.xmatters.com,153324900,200000,602234,200271,twilio-load-test,21005094,602233
https://twilio-load-test.tst.xmatters.com,153324903,200000,602236,200271,twilio-load-test,21005094,602235
https://twilio-load-test.tst.xmatters.com,153324906,200000,602238,200271,twilio-load-test,21005094,602237
https://twilio-load-test.tst.xmatters.com,153324909,200000,602240,200271,twilio-load-test,21005094,602239
https://twilio-load-test.tst.xmatters.com,153324912,200000,602242,200271,twilio-load-test,21005094,602241
https://twilio-load-test.tst.xmatters.com,153324915,200000,602244,200271,twilio-load-test,21005094,602243
https://twilio-load-test.tst.xmatters.com,153324918,200000,602246,200271,twilio-load-test,21005094,602245
https://twilio-load-test.tst.xmatters.com,153324921,200000,602248,200271,twilio-load-test,21005094,602247
https://twilio-load-test.tst.xmatters.com,153324924,200000,602250,200271,twilio-load-test,21005094,602249
https://twilio-load-test.tst.xmatters.com,153324927,200000,602252,200271,twilio-load-test,21005094,602251
https://twilio-load-test.tst.xmatters.com,153324930,200000,602254,200271,twilio-load-test,21005094,602253
https://twilio-load-test.tst.xmatters.com,153324933,200000,602256,200271,twilio-load-test,21005094,602255
https://twilio-load-test.tst.xmatters.com,153324936,200000,602258,200271,twilio-load-test,21005094,602257
https://twilio-load-test.tst.xmatters.com,153324939,200000,602260,200271,twilio-load-test,21005094,602259
https://twilio-load-test.tst.xmatters.com,153324942,200000,602262,200271,twilio-load-test,21005094,602261
https://twilio-load-test.tst.xmatters.com,153324945,200000,602264,200271,twilio-load-test,21005094,602263
https://twilio-load-test.tst.xmatters.com,153324948,200000,602266,200271,twilio-load-test,21005094,602265
https://twilio-load-test.tst.xmatters.com,153324951,200000,602268,200271,twilio-load-test,21005094,602267
https://twilio-load-test.tst.xmatters.com,153324954,200000,602270,200271,twilio-load-test,21005094,602269
https://twilio-load-test.tst.xmatters.com,153324957,200000,602272,200271,twilio-load-test,21005094,602271
https://twilio-load-test.tst.xmatters.com,153324960,200000,602274,200271,twilio-load-test,21005094,602273
https://twilio-load-test.tst.xmatters.com,153324963,200000,602276,200271,twilio-load-test,21005094,602275
https://twilio-load-test.tst.xmatters.com,153324966,200000,602278,200271,twilio-load-test,21005094,602277
https://twilio-load-test.tst.xmatters.com,153324969,200000,602280,200271,twilio-load-test,21005094,602279
https://twilio-load-test.tst.xmatters.com,153324972,200000,602282,200271,twilio-load-test,21005094,602281
https://twilio-load-test.tst.xmatters.com,153324975,200000,602284,200271,twilio-load-test,21005094,602283
https://twilio-load-test.tst.xmatters.com,153324978,200000,602286,200271,twilio-load-test,21005094,602285
https://twilio-load-test.tst.xmatters.com,153324981,200000,602288,200271,twilio-load-test,21005094,602287
https://twilio-load-test.tst.xmatters.com,153324984,200000,602290,200271,twilio-load-test,21005094,602289
https://twilio-load-test.tst.xmatters.com,153324987,200000,602292,200271,twilio-load-test,21005094,602291
https://twilio-load-test.tst.xmatters.com,153324990,200000,602294,200271,twilio-load-test,21005094,602293
https://twilio-load-test.tst.xmatters.com,153324993,200000,602296,200271,twilio-load-test,21005094,602295
https://twilio-load-test.tst.xmatters.com,153324996,200000,602298,200271,twilio-load-test,21005094,602297
https://twilio-load-test.tst.xmatters.com,153324999,200000,602300,200271,twilio-load-test,21005094,602299
https://twilio-load-test.tst.xmatters.com,153325002,200000,602302,200271,twilio-load-test,21005094,602301
https://twilio-load-test.tst.xmatters.com,153325005,200000,602304,200271,twilio-load-test,21005094,602303
https://twilio-load-test.tst.xmatters.com,153325008,200000,602306,200271,twilio-load-test,21005094,602305
https://twilio-load-test.tst.xmatters.com,153325011,200000,602308,200271,twilio-load-test,21005094,602307
https://twilio-load-test.tst.xmatters.com,153325014,200000,602310,200271,twilio-load-test,21005094,602309
https://twilio-load-test.tst.xmatters.com,153325017,200000,602312,200271,twilio-load-test,21005094,602311
https://twilio-load-test.tst.xmatters.com,153325020,200000,602314,200271,twilio-load-test,21005094,602313
https://twilio-load-test.tst.xmatters.com,153325023,200000,602316,200271,twilio-load-test,21005094,602315
https://twilio-load-test.tst.xmatters.com,153325026,200000,602318,200271,twilio-load-test,21005094,602317
https://twilio-load-test.tst.xmatters.com,153325029,200000,602320,200271,twilio-load-test,21005094,602319
https://twilio-load-test.tst.xmatters.com,153325032,200000,602322,200271,twilio-load-test,21005094,602321
https://twilio-load-test.tst.xmatters.com,153325035,200000,602324,200271,twilio-load-test,21005094,602323
https://twilio-load-test.tst.xmatters.com,153325038,200000,602326,200271,twilio-load-test,21005094,602325
https://twilio-load-test.tst.xmatters.com,153325041,200000,602328,200271,twilio-load-test,21005094,602327
https://twilio-load-test.tst.xmatters.com,153325044,200000,602330,200271,twilio-load-test,21005094,602329
https://twilio-load-test.tst.xmatters.com,153325047,200000,602332,200271,twilio-load-test,21005094,602331
https://twilio-load-test.tst.xmatters.com,153325050,200000,602334,200271,twilio-load-test,21005094,602333
https://twilio-load-test.tst.xmatters.com,153325053,200000,602336,200271,twilio-load-test,21005094,602335
https://twilio-load-test.tst.xmatters.com,153325056,200000,602338,200271,twilio-load-test,21005094,602337
https://twilio-load-test.tst.xmatters.com,153325059,200000,602340,200271,twilio-load-test,21005094,602339
https://twilio-load-test.tst.xmatters.com,153325062,200000,602342,200271,twilio-load-test,21005094,602341
https://twilio-load-test.tst.xmatters.com,153325065,200000,602344,200271,twilio-load-test,21005094,602343
https://twilio-load-test.tst.xmatters.com,153325068,200000,602346,200271,twilio-load-test,21005094,602345
https://twilio-load-test.tst.xmatters.com,153325071,200000,602348,200271,twilio-load-test,21005094,602347
https://twilio-load-test.tst.xmatters.com,153325074,200000,602350,200271,twilio-load-test,21005094,602349
https://twilio-load-test.tst.xmatters.com,153325077,200000,602352,200271,twilio-load-test,21005094,602351
https://twilio-load-test.tst.xmatters.com,153325080,200000,602354,200271,twilio-load-test,21005094,602353
https://twilio-load-test.tst.xmatters.com,153325083,200000,602356,200271,twilio-load-test,21005094,602355
https://twilio-load-test.tst.xmatters.com,153325086,200000,602358,200271,twilio-load-test,21005094,602357
https://twilio-load-test.tst.xmatters.com,153325089,200000,602360,200271,twilio-load-test,21005094,602359
https://twilio-load-test.tst.xmatters.com,153325092,200000,602362,200271,twilio-load-test,21005094,602361
https://twilio-load-test.tst.xmatters.com,153325095,200000,602364,200271,twilio-load-test,21005094,602363
https://twilio-load-test.tst.xmatters.com,153325098,200000,602366,200271,twilio-load-test,21005094,602365
https://twilio-load-test.tst.xmatters.com,153325101,200000,602368,200271,twilio-load-test,21005094,602367
https://twilio-load-test.tst.xmatters.com,153325104,200000,602370,200271,twilio-load-test,21005094,602369
https://twilio-load-test.tst.xmatters.com,153325107,200000,602372,200271,twilio-load-test,21005094,602371
https://twilio-load-test.tst.xmatters.com,153325110,200000,602374,200271,twilio-load-test,21005094,602373
https://twilio-load-test.tst.xmatters.com,153325113,200000,602376,200271,twilio-load-test,21005094,602375
https://twilio-load-test.tst.xmatters.com,153325116,200000,602378,200271,twilio-load-test,21005094,602377
https://twilio-load-test.tst.xmatters.com,153325119,200000,602380,200271,twilio-load-test,21005094,602379
https://twilio-load-test.tst.xmatters.com,153325122,200000,602382,200271,twilio-load-test,21005094,602381
https://twilio-load-test.tst.xmatters.com,153325125,200000,602384,200271,twilio-load-test,21005094,602383
https://twilio-load-test.tst.xmatters.com,153325128,200000,602386,200271,twilio-load-test,21005094,602385
https://twilio-load-test.tst.xmatters.com,153325131,200000,602388,200271,twilio-load-test,21005094,602387
https://twilio-load-test.tst.xmatters.com,153325134,200000,602390,200271,twilio-load-test,21005094,602389
https://twilio-load-test.tst.xmatters.com,153325137,200000,602392,200271,twilio-load-test,21005094,602391
https://twilio-load-test.tst.xmatters.com,153325140,200000,602394,200271,twilio-load-test,21005094,602393
https://twilio-load-test.tst.xmatters.com,153325143,200000,602396,200271,twilio-load-test,21005094,602395
https://twilio-load-test.tst.xmatters.com,153325146,200000,602398,200271,twilio-load-test,21005094,602397
https://twilio-load-test.tst.xmatters.com,153325149,200000,602400,200271,twilio-load-test,21005094,602399
https://twilio-load-test.tst.xmatters.com,153325152,200000,602402,200271,twilio-load-test,21005094,602401
https://twilio-load-test.tst.xmatters.com,153325155,200000,602404,200271,twilio-load-test,21005094,602403
https://twilio-load-test.tst.xmatters.com,153325158,200000,602406,200271,twilio-load-test,21005094,602405
https://twilio-load-test.tst.xmatters.com,153325161,200000,602408,200271,twilio-load-test,21005094,602407
https://twilio-load-test.tst.xmatters.com,153325164,200000,602410,200271,twilio-load-test,21005094,602409
https://twilio-load-test.tst.xmatters.com,153325167,200000,602412,200271,twilio-load-test,21005094,602411
https://twilio-load-test.tst.xmatters.com,153325170,200000,602414,200271,twilio-load-test,21005094,602413
https://twilio-load-test.tst.xmatters.com,153325173,200000,602416,200271,twilio-load-test,21005094,602415
https://twilio-load-test.tst.xmatters.com,153325176,200000,602418,200271,twilio-load-test,21005094,602417
https://twilio-load-test.tst.xmatters.com,153325179,200000,602420,200271,twilio-load-test,21005094,602419
https://twilio-load-test.tst.xmatters.com,153325182,200000,602422,200271,twilio-load-test,21005094,602421
https://twilio-load-test.tst.xmatters.com,153325185,200000,602424,200271,twilio-load-test,21005094,602423
https://twilio-load-test.tst.xmatters.com,153325188,200000,602426,200271,twilio-load-test,21005094,602425
https://twilio-load-test.tst.xmatters.com,153325191,200000,602428,200271,twilio-load-test,21005094,602427
https://twilio-load-test.tst.xmatters.com,153325194,200000,602430,200271,twilio-load-test,21005094,602429
https://twilio-load-test.tst.xmatters.com,153325197,200000,602432,200271,twilio-load-test,21005094,602431
https://twilio-load-test.tst.xmatters.com,153325200,200000,602434,200271,twilio-load-test,21005094,602433
https://twilio-load-test.tst.xmatters.com,153325203,200000,602436,200271,twilio-load-test,21005094,602435
https://twilio-load-test.tst.xmatters.com,153325206,200000,602438,200271,twilio-load-test,21005094,602437
https://twilio-load-test.tst.xmatters.com,153325209,200000,602440,200271,twilio-load-test,21005094,602439
https://twilio-load-test.tst.xmatters.com,153325212,200000,602442,200271,twilio-load-test,21005094,602441
https://twilio-load-test.tst.xmatters.com,153325215,200000,602444,200271,twilio-load-test,21005094,602443
https://twilio-load-test.tst.xmatters.com,153325218,200000,602446,200271,twilio-load-test,21005094,602445
https://twilio-load-test.tst.xmatters.com,153325221,200000,602448,200271,twilio-load-test,21005094,602447
https://twilio-load-test.tst.xmatters.com,153325224,200000,602450,200271,twilio-load-test,21005094,602449
https://twilio-load-test.tst.xmatters.com,153325227,200000,602452,200271,twilio-load-test,21005094,602451
https://twilio-load-test.tst.xmatters.com,153325230,200000,602454,200271,twilio-load-test,21005094,602453
https://twilio-load-test.tst.xmatters.com,153325233,200000,602456,200271,twilio-load-test,21005094,602455
https://twilio-load-test.tst.xmatters.com,153325236,200000,602458,200271,twilio-load-test,21005094,602457
https://twilio-load-test.tst.xmatters.com,153325239,200000,602460,200271,twilio-load-test,21005094,602459
https://twilio-load-test.tst.xmatters.com,153325242,200000,602462,200271,twilio-load-test,21005094,602461
https://twilio-load-test.tst.xmatters.com,153325245,200000,602464,200271,twilio-load-test,21005094,602463
https://twilio-load-test.tst.xmatters.com,153325248,200000,602466,200271,twilio-load-test,21005094,602465
https://twilio-load-test.tst.xmatters.com,153325251,200000,602468,200271,twilio-load-test,21005094,602467
https://twilio-load-test.tst.xmatters.com,153325254,200000,602470,200271,twilio-load-test,21005094,602469
https://twilio-load-test.tst.xmatters.com,153325257,200000,602472,200271,twilio-load-test,21005094,602471
https://twilio-load-test.tst.xmatters.com,153325260,200000,602474,200271,twilio-load-test,21005094,602473
https://twilio-load-test.tst.xmatters.com,153325263,200000,602476,200271,twilio-load-test,21005094,602475
https://twilio-load-test.tst.xmatters.com,153325266,200000,602478,200271,twilio-load-test,21005094,602477
https://twilio-load-test.tst.xmatters.com,153325269,200000,602480,200271,twilio-load-test,21005094,602479
https://twilio-load-test.tst.xmatters.com,153325272,200000,602482,200271,twilio-load-test,21005094,602481
https://twilio-load-test.tst.xmatters.com,153325275,200000,602484,200271,twilio-load-test,21005094,602483
https://twilio-load-test.tst.xmatters.com,153325278,200000,602486,200271,twilio-load-test,21005094,602485
https://twilio-load-test.tst.xmatters.com,153325281,200000,602488,200271,twilio-load-test,21005094,602487
https://twilio-load-test.tst.xmatters.com,153325284,200000,602490,200271,twilio-load-test,21005094,602489
https://twilio-load-test.tst.xmatters.com,153325287,200000,602492,200271,twilio-load-test,21005094,602491
https://twilio-load-test.tst.xmatters.com,153325290,200000,602494,200271,twilio-load-test,21005094,602493
https://twilio-load-test.tst.xmatters.com,153325293,200000,602496,200271,twilio-load-test,21005094,602495
https://twilio-load-test.tst.xmatters.com,153325296,200000,602498,200271,twilio-load-test,21005094,602497
https://twilio-load-test.tst.xmatters.com,153325299,200000,602500,200271,twilio-load-test,21005094,602499
https://twilio-load-test.tst.xmatters.com,153325302,200000,602502,200271,twilio-load-test,21005094,602501
https://twilio-load-test.tst.xmatters.com,153325305,200000,602504,200271,twilio-load-test,21005094,602503
https://twilio-load-test.tst.xmatters.com,153325308,200000,602506,200271,twilio-load-test,21005094,602505
https://twilio-load-test.tst.xmatters.com,153325311,200000,602508,200271,twilio-load-test,21005094,602507
https://twilio-load-test.tst.xmatters.com,153325314,200000,602510,200271,twilio-load-test,21005094,602509
https://twilio-load-test.tst.xmatters.com,153325317,200000,602512,200271,twilio-load-test,21005094,602511
https://twilio-load-test.tst.xmatters.com,153325320,200000,602514,200271,twilio-load-test,21005094,602513
https://twilio-load-test.tst.xmatters.com,153325323,200000,602516,200271,twilio-load-test,21005094,602515
https://twilio-load-test.tst.xmatters.com,153325326,200000,602518,200271,twilio-load-test,21005094,602517
https://twilio-load-test.tst.xmatters.com,153325329,200000,602520,200271,twilio-load-test,21005094,602519
https://twilio-load-test.tst.xmatters.com,153325332,200000,602522,200271,twilio-load-test,21005094,602521
https://twilio-load-test.tst.xmatters.com,153325335,200000,602524,200271,twilio-load-test,21005094,602523
https://twilio-load-test.tst.xmatters.com,153325338,200000,602526,200271,twilio-load-test,21005094,602525
https://twilio-load-test.tst.xmatters.com,153325341,200000,602528,200271,twilio-load-test,21005094,602527
https://twilio-load-test.tst.xmatters.com,153325344,200000,602530,200271,twilio-load-test,21005094,602529
https://twilio-load-test.tst.xmatters.com,153325347,200000,602532,200271,twilio-load-test,21005094,602531
https://twilio-load-test.tst.xmatters.com,153325350,200000,602534,200271,twilio-load-test,21005094,602533
https://twilio-load-test.tst.xmatters.com,153325353,200000,602536,200271,twilio-load-test,21005094,602535
https://twilio-load-test.tst.xmatters.com,153325356,200000,602538,200271,twilio-load-test,21005094,602537
https://twilio-load-test.tst.xmatters.com,153325359,200000,602540,200271,twilio-load-test,21005094,602539
https://twilio-load-test.tst.xmatters.com,153325362,200000,602542,200271,twilio-load-test,21005094,602541
https://twilio-load-test.tst.xmatters.com,153325365,200000,602544,200271,twilio-load-test,21005094,602543
https://twilio-load-test.tst.xmatters.com,153325368,200000,602546,200271,twilio-load-test,21005094,602545
https://twilio-load-test.tst.xmatters.com,153325371,200000,602548,200271,twilio-load-test,21005094,602547
https://twilio-load-test.tst.xmatters.com,153325374,200000,602550,200271,twilio-load-test,21005094,602549
https://twilio-load-test.tst.xmatters.com,153325377,200000,602552,200271,twilio-load-test,21005094,602551
https://twilio-load-test.tst.xmatters.com,153325380,200000,602554,200271,twilio-load-test,21005094,602553
https://twilio-load-test.tst.xmatters.com,153325383,200000,602556,200271,twilio-load-test,21005094,602555
https://twilio-load-test.tst.xmatters.com,153325386,200000,602558,200271,twilio-load-test,21005094,602557
https://twilio-load-test.tst.xmatters.com,153325389,200000,602560,200271,twilio-load-test,21005094,602559
https://twilio-load-test.tst.xmatters.com,153325392,200000,602562,200271,twilio-load-test,21005094,602561
https://twilio-load-test.tst.xmatters.com,153325395,200000,602564,200271,twilio-load-test,21005094,602563
https://twilio-load-test.tst.xmatters.com,153325398,200000,602566,200271,twilio-load-test,21005094,602565
https://twilio-load-test.tst.xmatters.com,153325401,200000,602568,200271,twilio-load-test,21005094,602567
https://twilio-load-test.tst.xmatters.com,153325404,200000,602570,200271,twilio-load-test,21005094,602569
https://twilio-load-test.tst.xmatters.com,153325407,200000,602572,200271,twilio-load-test,21005094,602571
https://twilio-load-test.tst.xmatters.com,153325410,200000,602574,200271,twilio-load-test,21005094,602573
https://twilio-load-test.tst.xmatters.com,153325413,200000,602576,200271,twilio-load-test,21005094,602575
https://twilio-load-test.tst.xmatters.com,153325416,200000,602578,200271,twilio-load-test,21005094,602577
https://twilio-load-test.tst.xmatters.com,153325419,200000,602580,200271,twilio-load-test,21005094,602579
https://twilio-load-test.tst.xmatters.com,153325422,200000,602582,200271,twilio-load-test,21005094,602581
https://twilio-load-test.tst.xmatters.com,153325425,200000,602584,200271,twilio-load-test,21005094,602583
https://twilio-load-test.tst.xmatters.com,153325428,200000,602586,200271,twilio-load-test,21005094,602585
https://twilio-load-test.tst.xmatters.com,153325431,200000,602588,200271,twilio-load-test,21005094,602587
https://twilio-load-test.tst.xmatters.com,153325434,200000,602590,200271,twilio-load-test,21005094,602589
https://twilio-load-test.tst.xmatters.com,153325437,200000,602592,200271,twilio-load-test,21005094,602591
https://twilio-load-test.tst.xmatters.com,153325440,200000,602594,200271,twilio-load-test,21005094,602593
https://twilio-load-test.tst.xmatters.com,153325443,200000,602596,200271,twilio-load-test,21005094,602595
https://twilio-load-test.tst.xmatters.com,153325446,200000,602598,200271,twilio-load-test,21005094,602597
https://twilio-load-test.tst.xmatters.com,153325449,200000,602600,200271,twilio-load-test,21005094,602599
https://twilio-load-test.tst.xmatters.com,153325452,200000,602602,200271,twilio-load-test,21005094,602601
https://twilio-load-test.tst.xmatters.com,153325455,200000,602604,200271,twilio-load-test,21005094,602603
https://twilio-load-test.tst.xmatters.com,153325458,200000,602606,200271,twilio-load-test,21005094,602605
https://twilio-load-test.tst.xmatters.com,153325461,200000,602608,200271,twilio-load-test,21005094,602607
https://twilio-load-test.tst.xmatters.com,153325464,200000,602610,200271,twilio-load-test,21005094,602609
https://twilio-load-test.tst.xmatters.com,153325467,200000,602612,200271,twilio-load-test,21005094,602611
https://twilio-load-test.tst.xmatters.com,153325470,200000,602614,200271,twilio-load-test,21005094,602613
https://twilio-load-test.tst.xmatters.com,153325473,200000,602616,200271,twilio-load-test,21005094,602615
https://twilio-load-test.tst.xmatters.com,153325476,200000,602618,200271,twilio-load-test,21005094,602617
https://twilio-load-test.tst.xmatters.com,153325479,200000,602620,200271,twilio-load-test,21005094,602619
https://twilio-load-test.tst.xmatters.com,153325482,200000,602622,200271,twilio-load-test,21005094,602621
https://twilio-load-test.tst.xmatters.com,153325485,200000,602624,200271,twilio-load-test,21005094,602623
https://twilio-load-test.tst.xmatters.com,153325488,200000,602626,200271,twilio-load-test,21005094,602625
https://twilio-load-test.tst.xmatters.com,153325491,200000,602628,200271,twilio-load-test,21005094,602627
https://twilio-load-test.tst.xmatters.com,153325494,200000,602630,200271,twilio-load-test,21005094,602629
https://twilio-load-test.tst.xmatters.com,153325497,200000,602632,200271,twilio-load-test,21005094,602631
https://twilio-load-test.tst.xmatters.com,153325499,200000,602634,200271,twilio-load-test,21005094,602633
